keyword,entry_salary,mid_salary,senior_salary,roadmap,entrance_exams,backup_options,career_outcomes
artificial intelligence bachelor,₹6 – 10 LPA,₹15 – 30 LPA,₹40+ LPA,Master Python & Math|Learn ML & DL|Build AI Projects|Work on AI Internship,JEE Main|BITSAT|CUET,B.Sc AI|BCA|Diploma in AI,AI Engineer|ML Engineer|Deep Learning Specialist
artificial intelligence master,₹6 – 10 LPA,₹15 – 30 LPA,₹40+ LPA,Master Python & Math|Learn ML & DL|Build AI Projects|Work on AI Internship,JEE Main|BITSAT|CUET,B.Sc AI|BCA|Diploma in AI,AI Engineer|ML Engineer|Deep Learning Specialist
artificial intelligence diploma,₹6 – 10 LPA,₹15 – 30 LPA,₹40+ LPA,Master Python & Math|Learn ML & DL|Build AI Projects|Work on AI Internship,JEE Main|BITSAT|CUET,B.Sc AI|BCA|Diploma in AI,AI Engineer|ML Engineer|Deep Learning Specialist
artificial intelligence honours,₹6 – 10 LPA,₹15 – 30 LPA,₹40+ LPA,Master Python & Math|Learn ML & DL|Build AI Projects|Work on AI Internship,JEE Main|BITSAT|CUET,B.Sc AI|BCA|Diploma in AI,AI Engineer|ML Engineer|Deep Learning Specialist
machine learning bachelor,₹6 – 10 LPA,₹15 – 30 LPA,₹40+ LPA,Master Python & Math|Learn ML & DL|Build AI Projects|Work on AI Internship,JEE Main|BITSAT|CUET,B.Sc AI|BCA|Diploma in AI,AI Engineer|ML Engineer|Deep Learning Specialist
machine learning master,₹6 – 10 LPA,₹15 – 30 LPA,₹40+ LPA,Master Python & Math|Learn ML & DL|Build AI Projects|Work on AI Internship,JEE Main|BITSAT|CUET,B.Sc AI|BCA|Diploma in AI,AI Engineer|ML Engineer|Deep Learning Specialist
machine learning diploma,₹6 – 10 LPA,₹15 – 30 LPA,₹40+ LPA,Master Python & Math|Learn ML & DL|Build AI Projects|Work on AI Internship,JEE Main|BITSAT|CUET,B.Sc AI|BCA|Diploma in AI,AI Engineer|ML Engineer|Deep Learning Specialist
machine learning honours,₹6 – 10 LPA,₹15 – 30 LPA,₹40+ LPA,Master Python & Math|Learn ML & DL|Build AI Projects|Work on AI Internship,JEE Main|BITSAT|CUET,B.Sc AI|BCA|Diploma in AI,AI Engineer|ML Engineer|Deep Learning Specialist
deep learning bachelor,₹6 – 10 LPA,₹15 – 30 LPA,₹40+ LPA,Master Python & Math|Learn ML & DL|Build AI Projects|Work on AI Internship,JEE Main|BITSAT|CUET,B.Sc AI|BCA|Diploma in AI,AI Engineer|ML Engineer|Deep Learning Specialist
deep learning master,₹6 – 10 LPA,₹15 – 30 LPA,₹40+ LPA,Master Python & Math|Learn ML & DL|Build AI Projects|Work on AI Internship,JEE Main|BITSAT|CUET,B.Sc AI|BCA|Diploma in AI,AI Engineer|ML Engineer|Deep Learning Specialist
deep learning diploma,₹6 – 10 LPA,₹15 – 30 LPA,₹40+ LPA,Master Python & Math|Learn ML & DL|Build AI Projects|Work on AI Internship,JEE Main|BITSAT|CUET,B.Sc AI|BCA|Diploma in AI,AI Engineer|ML Engineer|Deep Learning Specialist
deep learning honours,₹6 – 10 LPA,₹15 – 30 LPA,₹40+ LPA,Master Python & Math|Learn ML & DL|Build AI Projects|Work on AI Internship,JEE Main|BITSAT|CUET,B.Sc AI|BCA|Diploma in AI,AI Engineer|ML Engineer|Deep Learning Specialist
ai engineering bachelor,₹6 – 10 LPA,₹15 – 30 LPA,₹40+ LPA,Master Python & Math|Learn ML & DL|Build AI Projects|Work on AI Internship,JEE Main|BITSAT|CUET,B.Sc AI|BCA|Diploma in AI,AI Engineer|ML Engineer|Deep Learning Specialist
ai engineering master,₹6 – 10 LPA,₹15 – 30 LPA,₹40+ LPA,Master Python & Math|Learn ML & DL|Build AI Projects|Work on AI Internship,JEE Main|BITSAT|CUET,B.Sc AI|BCA|Diploma in AI,AI Engineer|ML Engineer|Deep Learning Specialist
ai engineering diploma,₹6 – 10 LPA,₹15 – 30 LPA,₹40+ LPA,Master Python & Math|Learn ML & DL|Build AI Projects|Work on AI Internship,JEE Main|BITSAT|CUET,B.Sc AI|BCA|Diploma in AI,AI Engineer|ML Engineer|Deep Learning Specialist
ai engineering honours,₹6 – 10 LPA,₹15 – 30 LPA,₹40+ LPA,Master Python & Math|Learn ML & DL|Build AI Projects|Work on AI Internship,JEE Main|BITSAT|CUET,B.Sc AI|BCA|Diploma in AI,AI Engineer|ML Engineer|Deep Learning Specialist
robotics bachelor,₹6 – 10 LPA,₹15 – 30 LPA,₹40+ LPA,Master Python & Math|Learn ML & DL|Build AI Projects|Work on AI Internship,JEE Main|BITSAT|CUET,B.Sc AI|BCA|Diploma in AI,AI Engineer|ML Engineer|Deep Learning Specialist
robotics master,₹6 – 10 LPA,₹15 – 30 LPA,₹40+ LPA,Master Python & Math|Learn ML & DL|Build AI Projects|Work on AI Internship,JEE Main|BITSAT|CUET,B.Sc AI|BCA|Diploma in AI,AI Engineer|ML Engineer|Deep Learning Specialist
robotics diploma,₹6 – 10 LPA,₹15 – 30 LPA,₹40+ LPA,Master Python & Math|Learn ML & DL|Build AI Projects|Work on AI Internship,JEE Main|BITSAT|CUET,B.Sc AI|BCA|Diploma in AI,AI Engineer|ML Engineer|Deep Learning Specialist
robotics honours,₹6 – 10 LPA,₹15 – 30 LPA,₹40+ LPA,Master Python & Math|Learn ML & DL|Build AI Projects|Work on AI Internship,JEE Main|BITSAT|CUET,B.Sc AI|BCA|Diploma in AI,AI Engineer|ML Engineer|Deep Learning Specialist
nlp bachelor,₹6 – 10 LPA,₹15 – 30 LPA,₹40+ LPA,Master Python & Math|Learn ML & DL|Build AI Projects|Work on AI Internship,JEE Main|BITSAT|CUET,B.Sc AI|BCA|Diploma in AI,AI Engineer|ML Engineer|Deep Learning Specialist
nlp master,₹6 – 10 LPA,₹15 – 30 LPA,₹40+ LPA,Master Python & Math|Learn ML & DL|Build AI Projects|Work on AI Internship,JEE Main|BITSAT|CUET,B.Sc AI|BCA|Diploma in AI,AI Engineer|ML Engineer|Deep Learning Specialist
nlp diploma,₹6 – 10 LPA,₹15 – 30 LPA,₹40+ LPA,Master Python & Math|Learn ML & DL|Build AI Projects|Work on AI Internship,JEE Main|BITSAT|CUET,B.Sc AI|BCA|Diploma in AI,AI Engineer|ML Engineer|Deep Learning Specialist
nlp honours,₹6 – 10 LPA,₹15 – 30 LPA,₹40+ LPA,Master Python & Math|Learn ML & DL|Build AI Projects|Work on AI Internship,JEE Main|BITSAT|CUET,B.Sc AI|BCA|Diploma in AI,AI Engineer|ML Engineer|Deep Learning Specialist
computer vision bachelor,₹6 – 10 LPA,₹15 – 30 LPA,₹40+ LPA,Master Python & Math|Learn ML & DL|Build AI Projects|Work on AI Internship,JEE Main|BITSAT|CUET,B.Sc AI|BCA|Diploma in AI,AI Engineer|ML Engineer|Deep Learning Specialist
computer vision master,₹6 – 10 LPA,₹15 – 30 LPA,₹40+ LPA,Master Python & Math|Learn ML & DL|Build AI Projects|Work on AI Internship,JEE Main|BITSAT|CUET,B.Sc AI|BCA|Diploma in AI,AI Engineer|ML Engineer|Deep Learning Specialist
computer vision diploma,₹6 – 10 LPA,₹15 – 30 LPA,₹40+ LPA,Master Python & Math|Learn ML & DL|Build AI Projects|Work on AI Internship,JEE Main|BITSAT|CUET,B.Sc AI|BCA|Diploma in AI,AI Engineer|ML Engineer|Deep Learning Specialist
computer vision honours,₹6 – 10 LPA,₹15 – 30 LPA,₹40+ LPA,Master Python & Math|Learn ML & DL|Build AI Projects|Work on AI Internship,JEE Main|BITSAT|CUET,B.Sc AI|BCA|Diploma in AI,AI Engineer|ML Engineer|Deep Learning Specialist
data science bachelor,₹5 – 9 LPA,₹12 – 25 LPA,₹35+ LPA,Learn Python & SQL|Study Statistics|Build Data Projects|Practice on Kaggle,CUET|JEE Main,B.Sc Data Science|BCA,Data Scientist|Data Analyst|BI Engineer
data science master,₹5 – 9 LPA,₹12 – 25 LPA,₹35+ LPA,Learn Python & SQL|Study Statistics|Build Data Projects|Practice on Kaggle,CUET|JEE Main,B.Sc Data Science|BCA,Data Scientist|Data Analyst|BI Engineer
data science diploma,₹5 – 9 LPA,₹12 – 25 LPA,₹35+ LPA,Learn Python & SQL|Study Statistics|Build Data Projects|Practice on Kaggle,CUET|JEE Main,B.Sc Data Science|BCA,Data Scientist|Data Analyst|BI Engineer
data science honours,₹5 – 9 LPA,₹12 – 25 LPA,₹35+ LPA,Learn Python & SQL|Study Statistics|Build Data Projects|Practice on Kaggle,CUET|JEE Main,B.Sc Data Science|BCA,Data Scientist|Data Analyst|BI Engineer
data analytics bachelor,₹5 – 9 LPA,₹12 – 25 LPA,₹35+ LPA,Learn Python & SQL|Study Statistics|Build Data Projects|Practice on Kaggle,CUET|JEE Main,B.Sc Data Science|BCA,Data Scientist|Data Analyst|BI Engineer
data analytics master,₹5 – 9 LPA,₹12 – 25 LPA,₹35+ LPA,Learn Python & SQL|Study Statistics|Build Data Projects|Practice on Kaggle,CUET|JEE Main,B.Sc Data Science|BCA,Data Scientist|Data Analyst|BI Engineer
data analytics diploma,₹5 – 9 LPA,₹12 – 25 LPA,₹35+ LPA,Learn Python & SQL|Study Statistics|Build Data Projects|Practice on Kaggle,CUET|JEE Main,B.Sc Data Science|BCA,Data Scientist|Data Analyst|BI Engineer
data analytics honours,₹5 – 9 LPA,₹12 – 25 LPA,₹35+ LPA,Learn Python & SQL|Study Statistics|Build Data Projects|Practice on Kaggle,CUET|JEE Main,B.Sc Data Science|BCA,Data Scientist|Data Analyst|BI Engineer
big data bachelor,₹5 – 9 LPA,₹12 – 25 LPA,₹35+ LPA,Learn Python & SQL|Study Statistics|Build Data Projects|Practice on Kaggle,CUET|JEE Main,B.Sc Data Science|BCA,Data Scientist|Data Analyst|BI Engineer
big data master,₹5 – 9 LPA,₹12 – 25 LPA,₹35+ LPA,Learn Python & SQL|Study Statistics|Build Data Projects|Practice on Kaggle,CUET|JEE Main,B.Sc Data Science|BCA,Data Scientist|Data Analyst|BI Engineer
big data diploma,₹5 – 9 LPA,₹12 – 25 LPA,₹35+ LPA,Learn Python & SQL|Study Statistics|Build Data Projects|Practice on Kaggle,CUET|JEE Main,B.Sc Data Science|BCA,Data Scientist|Data Analyst|BI Engineer
big data honours,₹5 – 9 LPA,₹12 – 25 LPA,₹35+ LPA,Learn Python & SQL|Study Statistics|Build Data Projects|Practice on Kaggle,CUET|JEE Main,B.Sc Data Science|BCA,Data Scientist|Data Analyst|BI Engineer
business analytics bachelor,₹5 – 9 LPA,₹12 – 25 LPA,₹35+ LPA,Learn Python & SQL|Study Statistics|Build Data Projects|Practice on Kaggle,CUET|JEE Main,B.Sc Data Science|BCA,Data Scientist|Data Analyst|BI Engineer
business analytics master,₹5 – 9 LPA,₹12 – 25 LPA,₹35+ LPA,Learn Python & SQL|Study Statistics|Build Data Projects|Practice on Kaggle,CUET|JEE Main,B.Sc Data Science|BCA,Data Scientist|Data Analyst|BI Engineer
business analytics diploma,₹5 – 9 LPA,₹12 – 25 LPA,₹35+ LPA,Learn Python & SQL|Study Statistics|Build Data Projects|Practice on Kaggle,CUET|JEE Main,B.Sc Data Science|BCA,Data Scientist|Data Analyst|BI Engineer
business analytics honours,₹5 – 9 LPA,₹12 – 25 LPA,₹35+ LPA,Learn Python & SQL|Study Statistics|Build Data Projects|Practice on Kaggle,CUET|JEE Main,B.Sc Data Science|BCA,Data Scientist|Data Analyst|BI Engineer
statistics bachelor,₹5 – 9 LPA,₹12 – 25 LPA,₹35+ LPA,Learn Python & SQL|Study Statistics|Build Data Projects|Practice on Kaggle,CUET|JEE Main,B.Sc Data Science|BCA,Data Scientist|Data Analyst|BI Engineer
statistics master,₹5 – 9 LPA,₹12 – 25 LPA,₹35+ LPA,Learn Python & SQL|Study Statistics|Build Data Projects|Practice on Kaggle,CUET|JEE Main,B.Sc Data Science|BCA,Data Scientist|Data Analyst|BI Engineer
statistics diploma,₹5 – 9 LPA,₹12 – 25 LPA,₹35+ LPA,Learn Python & SQL|Study Statistics|Build Data Projects|Practice on Kaggle,CUET|JEE Main,B.Sc Data Science|BCA,Data Scientist|Data Analyst|BI Engineer
statistics honours,₹5 – 9 LPA,₹12 – 25 LPA,₹35+ LPA,Learn Python & SQL|Study Statistics|Build Data Projects|Practice on Kaggle,CUET|JEE Main,B.Sc Data Science|BCA,Data Scientist|Data Analyst|BI Engineer
data engineering bachelor,₹5 – 9 LPA,₹12 – 25 LPA,₹35+ LPA,Learn Python & SQL|Study Statistics|Build Data Projects|Practice on Kaggle,CUET|JEE Main,B.Sc Data Science|BCA,Data Scientist|Data Analyst|BI Engineer
data engineering master,₹5 – 9 LPA,₹12 – 25 LPA,₹35+ LPA,Learn Python & SQL|Study Statistics|Build Data Projects|Practice on Kaggle,CUET|JEE Main,B.Sc Data Science|BCA,Data Scientist|Data Analyst|BI Engineer
data engineering diploma,₹5 – 9 LPA,₹12 – 25 LPA,₹35+ LPA,Learn Python & SQL|Study Statistics|Build Data Projects|Practice on Kaggle,CUET|JEE Main,B.Sc Data Science|BCA,Data Scientist|Data Analyst|BI Engineer
data engineering honours,₹5 – 9 LPA,₹12 – 25 LPA,₹35+ LPA,Learn Python & SQL|Study Statistics|Build Data Projects|Practice on Kaggle,CUET|JEE Main,B.Sc Data Science|BCA,Data Scientist|Data Analyst|BI Engineer
cyber security bachelor,₹5 – 8 LPA,₹12 – 22 LPA,₹30+ LPA,Learn Networking|Study Security Tools|Practice Ethical Hacking|Prepare for CEH,JEE Main|CUET,B.Sc Cyber Security|Diploma in Networking,Cyber Security Analyst|Ethical Hacker|Security Engineer
cyber security master,₹5 – 8 LPA,₹12 – 22 LPA,₹30+ LPA,Learn Networking|Study Security Tools|Practice Ethical Hacking|Prepare for CEH,JEE Main|CUET,B.Sc Cyber Security|Diploma in Networking,Cyber Security Analyst|Ethical Hacker|Security Engineer
cyber security diploma,₹5 – 8 LPA,₹12 – 22 LPA,₹30+ LPA,Learn Networking|Study Security Tools|Practice Ethical Hacking|Prepare for CEH,JEE Main|CUET,B.Sc Cyber Security|Diploma in Networking,Cyber Security Analyst|Ethical Hacker|Security Engineer
cyber security honours,₹5 – 8 LPA,₹12 – 22 LPA,₹30+ LPA,Learn Networking|Study Security Tools|Practice Ethical Hacking|Prepare for CEH,JEE Main|CUET,B.Sc Cyber Security|Diploma in Networking,Cyber Security Analyst|Ethical Hacker|Security Engineer
information security bachelor,₹5 – 8 LPA,₹12 – 22 LPA,₹30+ LPA,Learn Networking|Study Security Tools|Practice Ethical Hacking|Prepare for CEH,JEE Main|CUET,B.Sc Cyber Security|Diploma in Networking,Cyber Security Analyst|Ethical Hacker|Security Engineer
information security master,₹5 – 8 LPA,₹12 – 22 LPA,₹30+ LPA,Learn Networking|Study Security Tools|Practice Ethical Hacking|Prepare for CEH,JEE Main|CUET,B.Sc Cyber Security|Diploma in Networking,Cyber Security Analyst|Ethical Hacker|Security Engineer
information security diploma,₹5 – 8 LPA,₹12 – 22 LPA,₹30+ LPA,Learn Networking|Study Security Tools|Practice Ethical Hacking|Prepare for CEH,JEE Main|CUET,B.Sc Cyber Security|Diploma in Networking,Cyber Security Analyst|Ethical Hacker|Security Engineer
information security honours,₹5 – 8 LPA,₹12 – 22 LPA,₹30+ LPA,Learn Networking|Study Security Tools|Practice Ethical Hacking|Prepare for CEH,JEE Main|CUET,B.Sc Cyber Security|Diploma in Networking,Cyber Security Analyst|Ethical Hacker|Security Engineer
ethical hacking bachelor,₹5 – 8 LPA,₹12 – 22 LPA,₹30+ LPA,Learn Networking|Study Security Tools|Practice Ethical Hacking|Prepare for CEH,JEE Main|CUET,B.Sc Cyber Security|Diploma in Networking,Cyber Security Analyst|Ethical Hacker|Security Engineer
ethical hacking master,₹5 – 8 LPA,₹12 – 22 LPA,₹30+ LPA,Learn Networking|Study Security Tools|Practice Ethical Hacking|Prepare for CEH,JEE Main|CUET,B.Sc Cyber Security|Diploma in Networking,Cyber Security Analyst|Ethical Hacker|Security Engineer
ethical hacking diploma,₹5 – 8 LPA,₹12 – 22 LPA,₹30+ LPA,Learn Networking|Study Security Tools|Practice Ethical Hacking|Prepare for CEH,JEE Main|CUET,B.Sc Cyber Security|Diploma in Networking,Cyber Security Analyst|Ethical Hacker|Security Engineer
ethical hacking honours,₹5 – 8 LPA,₹12 – 22 LPA,₹30+ LPA,Learn Networking|Study Security Tools|Practice Ethical Hacking|Prepare for CEH,JEE Main|CUET,B.Sc Cyber Security|Diploma in Networking,Cyber Security Analyst|Ethical Hacker|Security Engineer
network security bachelor,₹5 – 8 LPA,₹12 – 22 LPA,₹30+ LPA,Learn Networking|Study Security Tools|Practice Ethical Hacking|Prepare for CEH,JEE Main|CUET,B.Sc Cyber Security|Diploma in Networking,Cyber Security Analyst|Ethical Hacker|Security Engineer
network security master,₹5 – 8 LPA,₹12 – 22 LPA,₹30+ LPA,Learn Networking|Study Security Tools|Practice Ethical Hacking|Prepare for CEH,JEE Main|CUET,B.Sc Cyber Security|Diploma in Networking,Cyber Security Analyst|Ethical Hacker|Security Engineer
network security diploma,₹5 – 8 LPA,₹12 – 22 LPA,₹30+ LPA,Learn Networking|Study Security Tools|Practice Ethical Hacking|Prepare for CEH,JEE Main|CUET,B.Sc Cyber Security|Diploma in Networking,Cyber Security Analyst|Ethical Hacker|Security Engineer
network security honours,₹5 – 8 LPA,₹12 – 22 LPA,₹30+ LPA,Learn Networking|Study Security Tools|Practice Ethical Hacking|Prepare for CEH,JEE Main|CUET,B.Sc Cyber Security|Diploma in Networking,Cyber Security Analyst|Ethical Hacker|Security Engineer
digital forensics bachelor,₹5 – 8 LPA,₹12 – 22 LPA,₹30+ LPA,Learn Networking|Study Security Tools|Practice Ethical Hacking|Prepare for CEH,JEE Main|CUET,B.Sc Cyber Security|Diploma in Networking,Cyber Security Analyst|Ethical Hacker|Security Engineer
digital forensics master,₹5 – 8 LPA,₹12 – 22 LPA,₹30+ LPA,Learn Networking|Study Security Tools|Practice Ethical Hacking|Prepare for CEH,JEE Main|CUET,B.Sc Cyber Security|Diploma in Networking,Cyber Security Analyst|Ethical Hacker|Security Engineer
digital forensics diploma,₹5 – 8 LPA,₹12 – 22 LPA,₹30+ LPA,Learn Networking|Study Security Tools|Practice Ethical Hacking|Prepare for CEH,JEE Main|CUET,B.Sc Cyber Security|Diploma in Networking,Cyber Security Analyst|Ethical Hacker|Security Engineer
digital forensics honours,₹5 – 8 LPA,₹12 – 22 LPA,₹30+ LPA,Learn Networking|Study Security Tools|Practice Ethical Hacking|Prepare for CEH,JEE Main|CUET,B.Sc Cyber Security|Diploma in Networking,Cyber Security Analyst|Ethical Hacker|Security Engineer
corporate law bachelor,₹4 – 7 LPA,₹10 – 25 LPA,₹35+ LPA,Clear CLAT|Pursue LLB|Intern Under Advocate|Choose Specialization,CLAT|AILET|LSAT,BA LLB|B.Com LLB,Advocate|Legal Advisor|Corporate Lawyer
corporate law master,₹4 – 7 LPA,₹10 – 25 LPA,₹35+ LPA,Clear CLAT|Pursue LLB|Intern Under Advocate|Choose Specialization,CLAT|AILET|LSAT,BA LLB|B.Com LLB,Advocate|Legal Advisor|Corporate Lawyer
corporate law diploma,₹4 – 7 LPA,₹10 – 25 LPA,₹35+ LPA,Clear CLAT|Pursue LLB|Intern Under Advocate|Choose Specialization,CLAT|AILET|LSAT,BA LLB|B.Com LLB,Advocate|Legal Advisor|Corporate Lawyer
corporate law honours,₹4 – 7 LPA,₹10 – 25 LPA,₹35+ LPA,Clear CLAT|Pursue LLB|Intern Under Advocate|Choose Specialization,CLAT|AILET|LSAT,BA LLB|B.Com LLB,Advocate|Legal Advisor|Corporate Lawyer
criminal law bachelor,₹4 – 7 LPA,₹10 – 25 LPA,₹35+ LPA,Clear CLAT|Pursue LLB|Intern Under Advocate|Choose Specialization,CLAT|AILET|LSAT,BA LLB|B.Com LLB,Advocate|Legal Advisor|Corporate Lawyer
criminal law master,₹4 – 7 LPA,₹10 – 25 LPA,₹35+ LPA,Clear CLAT|Pursue LLB|Intern Under Advocate|Choose Specialization,CLAT|AILET|LSAT,BA LLB|B.Com LLB,Advocate|Legal Advisor|Corporate Lawyer
criminal law diploma,₹4 – 7 LPA,₹10 – 25 LPA,₹35+ LPA,Clear CLAT|Pursue LLB|Intern Under Advocate|Choose Specialization,CLAT|AILET|LSAT,BA LLB|B.Com LLB,Advocate|Legal Advisor|Corporate Lawyer
criminal law honours,₹4 – 7 LPA,₹10 – 25 LPA,₹35+ LPA,Clear CLAT|Pursue LLB|Intern Under Advocate|Choose Specialization,CLAT|AILET|LSAT,BA LLB|B.Com LLB,Advocate|Legal Advisor|Corporate Lawyer
civil law bachelor,₹4 – 7 LPA,₹10 – 25 LPA,₹35+ LPA,Clear CLAT|Pursue LLB|Intern Under Advocate|Choose Specialization,CLAT|AILET|LSAT,BA LLB|B.Com LLB,Advocate|Legal Advisor|Corporate Lawyer
civil law master,₹4 – 7 LPA,₹10 – 25 LPA,₹35+ LPA,Clear CLAT|Pursue LLB|Intern Under Advocate|Choose Specialization,CLAT|AILET|LSAT,BA LLB|B.Com LLB,Advocate|Legal Advisor|Corporate Lawyer
civil law diploma,₹4 – 7 LPA,₹10 – 25 LPA,₹35+ LPA,Clear CLAT|Pursue LLB|Intern Under Advocate|Choose Specialization,CLAT|AILET|LSAT,BA LLB|B.Com LLB,Advocate|Legal Advisor|Corporate Lawyer
civil law honours,₹4 – 7 LPA,₹10 – 25 LPA,₹35+ LPA,Clear CLAT|Pursue LLB|Intern Under Advocate|Choose Specialization,CLAT|AILET|LSAT,BA LLB|B.Com LLB,Advocate|Legal Advisor|Corporate Lawyer
constitutional law bachelor,₹4 – 7 LPA,₹10 – 25 LPA,₹35+ LPA,Clear CLAT|Pursue LLB|Intern Under Advocate|Choose Specialization,CLAT|AILET|LSAT,BA LLB|B.Com LLB,Advocate|Legal Advisor|Corporate Lawyer
constitutional law master,₹4 – 7 LPA,₹10 – 25 LPA,₹35+ LPA,Clear CLAT|Pursue LLB|Intern Under Advocate|Choose Specialization,CLAT|AILET|LSAT,BA LLB|B.Com LLB,Advocate|Legal Advisor|Corporate Lawyer
constitutional law diploma,₹4 – 7 LPA,₹10 – 25 LPA,₹35+ LPA,Clear CLAT|Pursue LLB|Intern Under Advocate|Choose Specialization,CLAT|AILET|LSAT,BA LLB|B.Com LLB,Advocate|Legal Advisor|Corporate Lawyer
constitutional law honours,₹4 – 7 LPA,₹10 – 25 LPA,₹35+ LPA,Clear CLAT|Pursue LLB|Intern Under Advocate|Choose Specialization,CLAT|AILET|LSAT,BA LLB|B.Com LLB,Advocate|Legal Advisor|Corporate Lawyer
international law bachelor,₹4 – 7 LPA,₹10 – 25 LPA,₹35+ LPA,Clear CLAT|Pursue LLB|Intern Under Advocate|Choose Specialization,CLAT|AILET|LSAT,BA LLB|B.Com LLB,Advocate|Legal Advisor|Corporate Lawyer
international law master,₹4 – 7 LPA,₹10 – 25 LPA,₹35+ LPA,Clear CLAT|Pursue LLB|Intern Under Advocate|Choose Specialization,CLAT|AILET|LSAT,BA LLB|B.Com LLB,Advocate|Legal Advisor|Corporate Lawyer
international law diploma,₹4 – 7 LPA,₹10 – 25 LPA,₹35+ LPA,Clear CLAT|Pursue LLB|Intern Under Advocate|Choose Specialization,CLAT|AILET|LSAT,BA LLB|B.Com LLB,Advocate|Legal Advisor|Corporate Lawyer
international law honours,₹4 – 7 LPA,₹10 – 25 LPA,₹35+ LPA,Clear CLAT|Pursue LLB|Intern Under Advocate|Choose Specialization,CLAT|AILET|LSAT,BA LLB|B.Com LLB,Advocate|Legal Advisor|Corporate Lawyer
intellectual property law bachelor,₹4 – 7 LPA,₹10 – 25 LPA,₹35+ LPA,Clear CLAT|Pursue LLB|Intern Under Advocate|Choose Specialization,CLAT|AILET|LSAT,BA LLB|B.Com LLB,Advocate|Legal Advisor|Corporate Lawyer
intellectual property law master,₹4 – 7 LPA,₹10 – 25 LPA,₹35+ LPA,Clear CLAT|Pursue LLB|Intern Under Advocate|Choose Specialization,CLAT|AILET|LSAT,BA LLB|B.Com LLB,Advocate|Legal Advisor|Corporate Lawyer
intellectual property law diploma,₹4 – 7 LPA,₹10 – 25 LPA,₹35+ LPA,Clear CLAT|Pursue LLB|Intern Under Advocate|Choose Specialization,CLAT|AILET|LSAT,BA LLB|B.Com LLB,Advocate|Legal Advisor|Corporate Lawyer
intellectual property law honours,₹4 – 7 LPA,₹10 – 25 LPA,₹35+ LPA,Clear CLAT|Pursue LLB|Intern Under Advocate|Choose Specialization,CLAT|AILET|LSAT,BA LLB|B.Com LLB,Advocate|Legal Advisor|Corporate Lawyer
bba bachelor,₹3 – 6 LPA,₹8 – 18 LPA,₹25+ LPA,Learn Business Basics|Intern in Company|Develop Leadership|MBA Specialization,CUET|IPMAT,B.Com|BBA,Business Analyst|Marketing Manager|Entrepreneur
bba master,₹3 – 6 LPA,₹8 – 18 LPA,₹25+ LPA,Learn Business Basics|Intern in Company|Develop Leadership|MBA Specialization,CUET|IPMAT,B.Com|BBA,Business Analyst|Marketing Manager|Entrepreneur
bba diploma,₹3 – 6 LPA,₹8 – 18 LPA,₹25+ LPA,Learn Business Basics|Intern in Company|Develop Leadership|MBA Specialization,CUET|IPMAT,B.Com|BBA,Business Analyst|Marketing Manager|Entrepreneur
bba honours,₹3 – 6 LPA,₹8 – 18 LPA,₹25+ LPA,Learn Business Basics|Intern in Company|Develop Leadership|MBA Specialization,CUET|IPMAT,B.Com|BBA,Business Analyst|Marketing Manager|Entrepreneur
mba bachelor,₹3 – 6 LPA,₹8 – 18 LPA,₹25+ LPA,Learn Business Basics|Intern in Company|Develop Leadership|MBA Specialization,CUET|IPMAT,B.Com|BBA,Business Analyst|Marketing Manager|Entrepreneur
mba master,₹3 – 6 LPA,₹8 – 18 LPA,₹25+ LPA,Learn Business Basics|Intern in Company|Develop Leadership|MBA Specialization,CUET|IPMAT,B.Com|BBA,Business Analyst|Marketing Manager|Entrepreneur
mba diploma,₹3 – 6 LPA,₹8 – 18 LPA,₹25+ LPA,Learn Business Basics|Intern in Company|Develop Leadership|MBA Specialization,CUET|IPMAT,B.Com|BBA,Business Analyst|Marketing Manager|Entrepreneur
mba honours,₹3 – 6 LPA,₹8 – 18 LPA,₹25+ LPA,Learn Business Basics|Intern in Company|Develop Leadership|MBA Specialization,CUET|IPMAT,B.Com|BBA,Business Analyst|Marketing Manager|Entrepreneur
business management bachelor,₹3 – 6 LPA,₹8 – 18 LPA,₹25+ LPA,Learn Business Basics|Intern in Company|Develop Leadership|MBA Specialization,CUET|IPMAT,B.Com|BBA,Business Analyst|Marketing Manager|Entrepreneur
business management master,₹3 – 6 LPA,₹8 – 18 LPA,₹25+ LPA,Learn Business Basics|Intern in Company|Develop Leadership|MBA Specialization,CUET|IPMAT,B.Com|BBA,Business Analyst|Marketing Manager|Entrepreneur
business management diploma,₹3 – 6 LPA,₹8 – 18 LPA,₹25+ LPA,Learn Business Basics|Intern in Company|Develop Leadership|MBA Specialization,CUET|IPMAT,B.Com|BBA,Business Analyst|Marketing Manager|Entrepreneur
business management honours,₹3 – 6 LPA,₹8 – 18 LPA,₹25+ LPA,Learn Business Basics|Intern in Company|Develop Leadership|MBA Specialization,CUET|IPMAT,B.Com|BBA,Business Analyst|Marketing Manager|Entrepreneur
finance bachelor,₹3 – 6 LPA,₹8 – 18 LPA,₹25+ LPA,Learn Business Basics|Intern in Company|Develop Leadership|MBA Specialization,CUET|IPMAT,B.Com|BBA,Business Analyst|Marketing Manager|Entrepreneur
finance master,₹3 – 6 LPA,₹8 – 18 LPA,₹25+ LPA,Learn Business Basics|Intern in Company|Develop Leadership|MBA Specialization,CUET|IPMAT,B.Com|BBA,Business Analyst|Marketing Manager|Entrepreneur
finance diploma,₹3 – 6 LPA,₹8 – 18 LPA,₹25+ LPA,Learn Business Basics|Intern in Company|Develop Leadership|MBA Specialization,CUET|IPMAT,B.Com|BBA,Business Analyst|Marketing Manager|Entrepreneur
finance honours,₹3 – 6 LPA,₹8 – 18 LPA,₹25+ LPA,Learn Business Basics|Intern in Company|Develop Leadership|MBA Specialization,CUET|IPMAT,B.Com|BBA,Business Analyst|Marketing Manager|Entrepreneur
marketing bachelor,₹3 – 6 LPA,₹8 – 18 LPA,₹25+ LPA,Learn Business Basics|Intern in Company|Develop Leadership|MBA Specialization,CUET|IPMAT,B.Com|BBA,Business Analyst|Marketing Manager|Entrepreneur
marketing master,₹3 – 6 LPA,₹8 – 18 LPA,₹25+ LPA,Learn Business Basics|Intern in Company|Develop Leadership|MBA Specialization,CUET|IPMAT,B.Com|BBA,Business Analyst|Marketing Manager|Entrepreneur
marketing diploma,₹3 – 6 LPA,₹8 – 18 LPA,₹25+ LPA,Learn Business Basics|Intern in Company|Develop Leadership|MBA Specialization,CUET|IPMAT,B.Com|BBA,Business Analyst|Marketing Manager|Entrepreneur
marketing honours,₹3 – 6 LPA,₹8 – 18 LPA,₹25+ LPA,Learn Business Basics|Intern in Company|Develop Leadership|MBA Specialization,CUET|IPMAT,B.Com|BBA,Business Analyst|Marketing Manager|Entrepreneur
human resource bachelor,₹3 – 6 LPA,₹8 – 18 LPA,₹25+ LPA,Learn Business Basics|Intern in Company|Develop Leadership|MBA Specialization,CUET|IPMAT,B.Com|BBA,Business Analyst|Marketing Manager|Entrepreneur
human resource master,₹3 – 6 LPA,₹8 – 18 LPA,₹25+ LPA,Learn Business Basics|Intern in Company|Develop Leadership|MBA Specialization,CUET|IPMAT,B.Com|BBA,Business Analyst|Marketing Manager|Entrepreneur
human resource diploma,₹3 – 6 LPA,₹8 – 18 LPA,₹25+ LPA,Learn Business Basics|Intern in Company|Develop Leadership|MBA Specialization,CUET|IPMAT,B.Com|BBA,Business Analyst|Marketing Manager|Entrepreneur
human resource honours,₹3 – 6 LPA,₹8 – 18 LPA,₹25+ LPA,Learn Business Basics|Intern in Company|Develop Leadership|MBA Specialization,CUET|IPMAT,B.Com|BBA,Business Analyst|Marketing Manager|Entrepreneur
accounts bachelor,₹3 – 6 LPA,₹8 – 18 LPA,₹25+ LPA,Learn Business Basics|Intern in Company|Develop Leadership|MBA Specialization,CUET|IPMAT,B.Com|BBA,Business Analyst|Marketing Manager|Entrepreneur
accounts master,₹3 – 6 LPA,₹8 – 18 LPA,₹25+ LPA,Learn Business Basics|Intern in Company|Develop Leadership|MBA Specialization,CUET|IPMAT,B.Com|BBA,Business Analyst|Marketing Manager|Entrepreneur
accounts diploma,₹3 – 6 LPA,₹8 – 18 LPA,₹25+ LPA,Learn Business Basics|Intern in Company|Develop Leadership|MBA Specialization,CUET|IPMAT,B.Com|BBA,Business Analyst|Marketing Manager|Entrepreneur
accounts honours,₹3 – 6 LPA,₹8 – 18 LPA,₹25+ LPA,Learn Business Basics|Intern in Company|Develop Leadership|MBA Specialization,CUET|IPMAT,B.Com|BBA,Business Analyst|Marketing Manager|Entrepreneur
entrepreneurship bachelor,₹3 – 6 LPA,₹8 – 18 LPA,₹25+ LPA,Learn Business Basics|Intern in Company|Develop Leadership|MBA Specialization,CUET|IPMAT,B.Com|BBA,Business Analyst|Marketing Manager|Entrepreneur
entrepreneurship master,₹3 – 6 LPA,₹8 – 18 LPA,₹25+ LPA,Learn Business Basics|Intern in Company|Develop Leadership|MBA Specialization,CUET|IPMAT,B.Com|BBA,Business Analyst|Marketing Manager|Entrepreneur
entrepreneurship diploma,₹3 – 6 LPA,₹8 – 18 LPA,₹25+ LPA,Learn Business Basics|Intern in Company|Develop Leadership|MBA Specialization,CUET|IPMAT,B.Com|BBA,Business Analyst|Marketing Manager|Entrepreneur
entrepreneurship honours,₹3 – 6 LPA,₹8 – 18 LPA,₹25+ LPA,Learn Business Basics|Intern in Company|Develop Leadership|MBA Specialization,CUET|IPMAT,B.Com|BBA,Business Analyst|Marketing Manager|Entrepreneur
